[{
    "skill1":"postman by testers talk",
    "channel":"Testers Talk"
},
{
    "skill1":"rest assured by testers talk",
    "channel":"Testers Talk"
},
{
    "skill1":"specflow by testers talk",
    "channel":"Testers Talk"
},
{
    "skill1":"easyrepro by testers talk",
    "channel":"Testers Talk"
},
{
    "skill1":"api testing by testers talk",
    "channel":"Testers Talk"
},
{
    "skill1":"javascript by testers talk",
    "channel":"Testers Talk"
},
{
    "skill1":"cypress by testers talk",
    "channel":"Testers Talk"
}
]
